qid,query,document,label
1,ما هو الذكاء الصنعي Artificial inteligence,"هو علم محاكاة الذكاء البشري من خلال تصنيف إما خوارزميات برمجية software أو hardware نمذجة للذكاء االانساني، وهو علم واسع جداً أساسه رياضي يعتمد على كيفية فهم قواعد عمل دماغ الانسان وإسقاطها على منتج له عالقة بتنظيم الكومبيوتر ويجعله قادراً على التعلم واالاستنتاج ورد الفعل على أوضاع لم تبرمج عليها الالة",4
2,ما هو الذكاء الصنعي Artificial inteligence,"إن ميزة الانسان الاساسية هي القدرة على التعلم والتطور، ومن هنا بدأت فكرة الذكاء االصطناعي، وذلك عن طريق الشبكات العصبونية، حيث تحاكي هذه الشبكات نقل السيالة العصبية عن طريق العصبونات، وتأتي أهمية هذه الشبكات بكافة مكوناتها بسبب قدرتها على التصنيف، البحث، التنبؤ",3
3,ما هو الذكاء الصنعي Artificial inteligence,يتم التعلم بدون وجود معلم حيث يقوم بتجميع الداتا إلى عدة أصناف,0
4,ما هو الذكاء الصنعي Artificial inteligence,"محاكاة الدماغ هي البحث عن بنية شبيهة ببنية الدماغ أي نأخذ الاية التي يتعلم بها الانسان ونطبقها على الالة، أن نفكر كيف يعالج الانسان المعلومات ويتطور مع الايام، كيف يتعلم الدماغ وكيف تتخزن المعرفة وكيف يتحسن الاداء بالتدريب، أن نفهم بنية الدماغ.",2
5,ما مجالات الذكاء الصنعي,"1. processing language Natural) NLP) معالجة اللغات الطبيعية: وهي مجال علوم الحاسوب واللغويات المعنية بالتفاعلات بين الحاسوب واللغات الطبيعية، أبسط مثال هو كيفية تفسير كلام الانسان وتحويله من كلام منطوق إلى كلام مكتوب أو بالعكس تحويل النص المكتوب إلى نص منطوق، وما يتلوه من  مراحل مثل: تحليل الكالم واكتشاف أنماط موجودة بالكلام والتعرف على االشخاص من الكالم.... و الكثير من  التفاصيل المتعلقة بهذا المجال.
 2. programming Automatic البرمجة الالية
3. Robotics: كلمة روبوت لا تعني فقط الروبوت الذي يشبه الانسان، بل للروبوت أشكال مختلفة، فالذراع الروبوتية الموجودة بالمعمل تدعى روبوت، والسيارة ذاتية القيادة تسمى روبوت، إذاً كلمة روبوت واسعة جداً فأي شيء ذاتي القيادة ينفذ مهمات مؤتمتة نسميه روبوت",4
6,ما مجالات الذكاء الصنعي,"محاكاة الدماغ هي البحث عن بنية شبيهة ببنية الدماغ أي نأخذ الاية التي يتعلم بها الانسان ونطبقها على الالة، أن نفكر كيف يعالج الانسان المعلومات ويتطور مع الايام، كيف يتعلم الدماغ وكيف تتخزن المعرفة وكيف يتحسن الاداء بالتدريب، أن نفهم بنية الدماغ.",0
7,ما مجالات الذكاء الصنعي,"1. Supervised learning التعلم الخاضع للاشراف
2. Unsupervised learningالتعلم الغير خاضع للاشراف 
3. Reinforcement Learningتعلم المعزز",2
8,ما هي الشبكات العصبونية Networks Network,"هي محاكاة آلية نقل السيالة العصبية إلى الدماغ أي هي محاكاة للدماغ المتحكم بجسم الانسان، فهي تساعد على اتخاذ قرار، حل مشكلات، القيام بعمليات تصنيف وتنبؤ وتعرُّف... إذاً بنية الشبكة العصبية عندما تحاكي  الدماغ بعملها فهي تحاكي وظائفه.
- الشبكات العصبونية تقنية تستخدم لتحقيق أهداف machine learning.
- هناك شبكات عصبونية بطبقة واحدة أي: دخل – معالجة – خرج، وهناك شبكات عصبونية بطبقات متعددة أي: طبقة دخل – عدّة طبقات داخلية للمعالجة – طبقة خرج (وممكن أن يكون الخرج وحيد أو متعدد).
- إذا كان هناك عدّة طبقات داخلية وأصبح هناك عمق للشبكة سُميَت بالشبكات العميقة ونتج عنها ما يسمى deep learning",4
9,ما هي الشبكات العصبونية Networks Network,"محاكاة الدماغ هي البحث عن بنية شبيهة ببنية الدماغ أي نأخذ الاية التي يتعلم بها الانسان ونطبقها على الالة، أن نفكر كيف يعالج الانسان المعلومات ويتطور مع الايام، كيف يتعلم الدماغ وكيف تتخزن المعرفة وكيف يتحسن الاداء بالتدريب، أن نفهم بنية الدماغ.",3
10,ما هي الشبكات العصبونية Networks Network,"إن ميزة الانسان الاساسية هي القدرة على التعلم والتطور، ومن هنا بدأت فكرة الذكاء االصطناعي، وذلك عن طريق الشبكات العصبونية، حيث تحاكي هذه الشبكات نقل السيالة العصبية عن طريق العصبونات، وتأتي أهمية هذه الشبكات بكافة مكوناتها بسبب قدرتها على التصنيف، البحث، التنبؤ",2
11,ما هو العصبون,"هو وحدة النقل العصبي بالدماغ وبشكل أدق كل االاعصاب هي عصبونات متصلة مع بعضها البعض. يتكون العصبون من جسم واستطالة ومشابك، وتتم المعالجة داخله حسب تخصص العصبون.",4
12,ما هو العصبون,Regressionو Classification,0
13,ما هو العصبون,"محاكاة الدماغ هي البحث عن بنية شبيهة ببنية الدماغ أي نأخذ الاية التي يتعلم بها الانسان ونطبقها على الالة، أن نفكر كيف يعالج الانسان المعلومات ويتطور مع الايام، كيف يتعلم الدماغ وكيف تتخزن المعرفة وكيف يتحسن الاداء بالتدريب، أن نفهم بنية الدماغ.",2
14,ماذا نقصد بمحاكاة الدماغ,"محاكاة الدماغ هي البحث عن بنية شبيهة ببنية الدماغ أي نأخذ الاية التي يتعلم بها الانسان ونطبقها على الالة، أن نفكر كيف يعالج الانسان المعلومات ويتطور مع الايام، كيف يتعلم الدماغ وكيف تتخزن المعرفة وكيف يتحسن الاداء بالتدريب، أن نفهم بنية الدماغ.",4
15,ماذا نقصد بمحاكاة الدماغ,"إن ميزة الانسان الاساسية هي القدرة على التعلم والتطور، ومن هنا بدأت فكرة الذكاء االصطناعي، وذلك عن طريق الشبكات العصبونية، حيث تحاكي هذه الشبكات نقل السيالة العصبية عن طريق العصبونات، وتأتي أهمية هذه الشبكات بكافة مكوناتها بسبب قدرتها على التصنيف، البحث، التنبؤ",3
16,كيف بدأت فكرة الذكاء االصطناعي,"إن ميزة الانسان الاساسية هي القدرة على التعلم والتطور، ومن هنا بدأت فكرة الذكاء االصطناعي، وذلك عن طريق الشبكات العصبونية، حيث تحاكي هذه الشبكات نقل السيالة العصبية عن طريق العصبونات، وتأتي أهمية هذه الشبكات بكافة مكوناتها بسبب قدرتها على التصنيف، البحث، التنبؤ",4
17,كيف بدأت فكرة الذكاء االصطناعي,"1. data  (الدخل والخرج)
2.  السمات (نستخلصها من الداتا) يجب أن تكون قابلة للقياس.
3. لخوارزميات (حيث يوجد خوارزميات خاصة بالتنبؤ وأخرى للتجميع..)",0
18,كيف بدأت فكرة الذكاء االصطناعي,"هو علم محاكاة الذكاء البشري من خلال تصنيف إما خوارزميات برمجية software أو hardware نمذجة للذكاء االانساني، وهو علم واسع جداً أساسه رياضي يعتمد على كيفية فهم قواعد عمل دماغ الانسان وإسقاطها على منتج له عالقة بتنظيم الكومبيوتر ويجعله قادراً على التعلم واالاستنتاج ورد الفعل على أوضاع لم تبرمج عليها الالة",3
19,ما أهمية الشبكات العصبونية,"إن ميزة الانسان الاساسية هي القدرة على التعلم والتطور، ومن هنا بدأت فكرة الذكاء االصطناعي، وذلك عن طريق الشبكات العصبونية، حيث تحاكي هذه الشبكات نقل السيالة العصبية عن طريق العصبونات، وتأتي أهمية هذه الشبكات بكافة مكوناتها بسبب قدرتها على التصنيف، البحث، التنبؤ",4
20,ما أهمية الشبكات العصبونية,"هي محاكاة آلية نقل السيالة العصبية إلى الدماغ أي هي محاكاة للدماغ المتحكم بجسم الانسان، فهي تساعد على اتخاذ قرار، حل مشكلات، القيام بعمليات تصنيف وتنبؤ وتعرُّف... إذاً بنية الشبكة العصبية عندما تحاكي  الدماغ بعملها فهي تحاكي وظائفه.
- الشبكات العصبونية تقنية تستخدم لتحقيق أهداف machine learning.
- هناك شبكات عصبونية بطبقة واحدة أي: دخل – معالجة – خرج، وهناك شبكات عصبونية بطبقات متعددة أي: طبقة دخل – عدّة طبقات داخلية للمعالجة – طبقة خرج (وممكن أن يكون الخرج وحيد أو متعدد).
- إذا كان هناك عدّة طبقات داخلية وأصبح هناك عمق للشبكة سُميَت بالشبكات العميقة ونتج عنها ما يسمى deep learning",3
21,ما أبسط شكل لفهم الرياضيات التقليدية بمنطق الشبكات العصبونية,"لتكن لدينا المعادلة التالية 0 = ax2 + bx + c ، هذه المعادلة تكافئ عصبون له مدخلين الأول x2 والثاني x وبوجد على المدخل األول وزن اسمه a وعلى المدخل الثاني وزن اسمه b وفيما بينهم إشارة جمع، ويوجد أيضا عنصر إضافي c وهو يعبر عن الانزياح، وتتم المعالجة داخل العصبون لتعطي الخرج الموافق وليكن على سبيل المثال: 1 اذا كانت المعادلة قابلة للحل و 0 اذا كانت المعاجلة غير قابلة للحل.",4
22,ما أبسط شكل لفهم الرياضيات التقليدية بمنطق الشبكات العصبونية,التعلم وتعميم تجربة التعليم انطالقاً من الخبرات السابقة المكتسبة.,0
23,ما  مراحل تعلم الالة Machine Learning,"المرحلة االاولى: تطوير نماذج إحصائية ننطلق منها التخاذ قرار. المرحلة الثانية: بناء خوارزميات عن طريق جعل الكومبيوتر ينفذ مهام دون تعليمات خارجية، فهي تقوم على مبدأ أخذ الدخل والخرج وإعطاء البرنامج على عكس البرمجة التقليدية.",4
24,ما  مراحل تعلم الالة Machine Learning,"1. data  (الدخل والخرج)
2.  السمات (نستخلصها من الداتا) يجب أن تكون قابلة للقياس.
3. لخوارزميات (حيث يوجد خوارزميات خاصة بالتنبؤ وأخرى للتجميع..)",1
25,ماذا يحتاج التعلم الالي,"1. data  (الدخل والخرج)
2.  السمات (نستخلصها من الداتا) يجب أن تكون قابلة للقياس.
3. لخوارزميات (حيث يوجد خوارزميات خاصة بالتنبؤ وأخرى للتجميع..)",4
26,ماذا يحتاج التعلم الالي,اختيار سمات منفصلة وغير متداخلة تحسن من عملية التعلم.,2
27,ماذا يحتاج التعلم الالي,"1. Supervised learning التعلم الخاضع للاشراف
2. Unsupervised learningالتعلم الغير خاضع للاشراف 
3. Reinforcement Learningتعلم المعزز",1
28,كيف تكون عملية التعلم,"للتعلم ننطلق من داتا جزئية (غير مكتملة) للحصول على البرنامج (ليس المقصود هنا بالبرنامج الكود البرمجي وإنما model رياضي أي آلية التفكير التي نتنبأ أو نصنف وفقها وهو خطوة سابقة للكود) ثم تأتي حالات ليست داخل الداتا لنستطيع تصنيفها أو التنبؤ بها، مثال: التنبؤ بالامراض",4
29,كيف تكون عملية التعلم,"المرحلة االاولى: تطوير نماذج إحصائية ننطلق منها التخاذ قرار. المرحلة الثانية: بناء خوارزميات عن طريق جعل الكومبيوتر ينفذ مهام دون تعليمات خارجية، فهي تقوم على مبدأ أخذ الدخل والخرج وإعطاء البرنامج على عكس البرمجة التقليدية.",3
30,ما الهدف الرئيسي من تعلم الالة ML,التعلم وتعميم تجربة التعليم انطالقاً من الخبرات السابقة المكتسبة.,4
31,ما الهدف الرئيسي من تعلم الالة ML,"1. Supervised learning التعلم الخاضع للاشراف
2. Unsupervised learningالتعلم الغير خاضع للاشراف 
3. Reinforcement Learningتعلم المعزز",3
32,ما الهدف الرئيسي من تعلم الالة ML,Regressionو Classification و Dimensionality Reduction و Clustering,2
33,ما الفرق بين ML والبرمجة التقليدية,"في ML دخل الكومبيوتر هو الداتا والخرج، والهدف هو الحصول على البرنامج، بينما يكون الدخل في البرمجة التقليدية هو الداتا والبرنامج، والهدف الحصول على الخرج.",4
34,ما الفرق بين ML والبرمجة التقليدية,"يتم التعلم بوجود معلم حيث قيم الخرج فيه مستمرة، يفيد في التنبؤ مثال: التنبؤ بسعر منزل وفقاً لمساحته وسعره.",0
35,ما أنواع التعلم الالي Machine learning,"1. Supervised learning التعلم الخاضع للاشراف
2. Unsupervised learningالتعلم الغير خاضع للاشراف 
3. Reinforcement Learningتعلم المعزز",4
36,ما أنواع التعلم الالي Machine learning,Regressionو Classification,2
37,ما أنواع التعلم الالي Machine learning,Dimensionality Reduction و Clustering,2
38,ما أنواع التعلم الالي Machine learning  وشرح لكل نوع منها,"1. التعلم الالي الخاضع للاشراف supervised learning: في هذا النوع يتم التعلم بوجود معلم، بمعنى آخر االنطالق من معلومات معروفة ومن خرج معروف أي ثنائية (Output - Input )موجودة، والهدف هو تطوير آلية التعلم للمقدرة على التعرف.
 يتم استخدام Data Labeled، من تطبيقاته:Regression .1 : قيم الخرج فيه مستمرة، يفيد في التنبؤ. مثال: التنبؤ بسعر منزل وفقاً لمساحته وسعره.
Classification .2 : قيم الخرج فيه متقطعة، مثال: تصنيف اإليميل إلى spam وnormal  
2. التعلم الالي الغير خاضع للاشراف unsupervised learning:  في هذا النوع ال يوجد معلم أي أن الدخل معروف لكن الخرج غير معروف، والهدف ليس التصنيف إنما البحث في الداتا عن االنماط المشتركة لتجميع المشتركين مع بعضهم البعض.
 يتم استخدام Data Unlabeled، من تطبيقاته:Dimensionality Reduction .1 : تخفيض عدد األبعاد، مثال:ً تحويل دائرة ثنائية البعد إلى مستقيم أحادي البعد.
.2 Clustering: وهو تجميع الداتا إلى عدة أصناف.
3. التعليم المعزز Reinforcement Learning:  في هذا النوع ال يكون التركيز على الداتا وإنما مراحل تنفيذ أو تطوير مسارات أو إجراءات جديدة. لا نهتم في هذا النوع كثيراً لان الشبكات العصبونية تُستخدَم في النوعين االاول والثاني.",4
39,ما أنواع التعلم الالي Machine learning  وشرح لكل نوع منها,"يتم التعلم بدون وجود معلم حيث يقوم بتخفيض عدد الابعاد، مثال:ً تحويل دائرة ثنائية البعد إلى مستقيم أحادي البعد",0
40,ما تطبيقات التعلم الالي الخاضع للاشراف,Regressionو Classification,4
41,ما تطبيقات التعلم الالي الخاضع للاشراف,"يتم التعلم بوجود معلم حيث قيم الخرج فيه مستمرة، يفيد في التنبؤ مثال: التنبؤ بسعر منزل وفقاً لمساحته وسعره.",2
42,ما تطبيقات التعلم الالي الخاضع للاشراف,"يتم التعلم بوجود معلم حيث قيم الخرج فيه متقطعة، مثال: تصنيف اإليميل إلى spam و normal",2
43,ما تطبيقات التعلم الالي الغير خاضع للاشراف,Dimensionality Reduction و Clustering,4
44,ما تطبيقات التعلم الالي الغير خاضع للاشراف,"يتم التعلم بدون وجود معلم حيث يقوم بتخفيض عدد الابعاد، مثال:ً تحويل دائرة ثنائية البعد إلى مستقيم أحادي البعد",2
45,ما تطبيقات التعلم الالي الغير خاضع للاشراف,يتم التعلم بدون وجود معلم حيث يقوم بتجميع الداتا إلى عدة أصناف,1
46,ما  المقصود ب Regression,"يتم التعلم بوجود معلم حيث قيم الخرج فيه مستمرة، يفيد في التنبؤ مثال: التنبؤ بسعر منزل وفقاً لمساحته وسعره.",4
47,ما  المقصود ب Regression," في هذا النوع يتم التعلم بوجود معلم، بمعنى آخر الانطلاق من معلومات معروفة ومن خرج معروف أي ثنائية موجودة، والهدف هو تطوير آلية التعلم للمقدرة على التعرف",2
48,ما  المقصود ب Regression,Regressionو Classification,0
49,ما  المقصود ب classification,"يتم التعلم بوجود معلم حيث قيم الخرج فيه متقطعة، مثال: تصنيف اإليميل إلى spam و normal",4
50,ما  المقصود ب classification,Regressionو Classification,0
51,ما  المقصود ب classification," في هذا النوع يتم التعلم بوجود معلم، بمعنى آخر الانطلاق من معلومات معروفة ومن خرج معروف أي ثنائية موجودة، والهدف هو تطوير آلية التعلم للمقدرة على التعرف",2
52,ما هو Dimensionality Reduction,"يتم التعلم بدون وجود معلم حيث يقوم بتخفيض عدد الابعاد، مثال:ً تحويل دائرة ثنائية البعد إلى مستقيم أحادي البعد",4
53,ما هو Dimensionality Reduction,"  في هذا النوع لا يوجد معلم أي أن الدخل معروف لكن الخرج غير معروف، والهدف ليس التصنيف إنما البحث في الداتا عن االنماط المشتركة لتجميع المشتركين مع بعضهم البعض",1
54,ما هو Clustering,يتم التعلم بدون وجود معلم حيث يقوم بتجميع الداتا إلى عدة أصناف,4
55,ما هو Clustering,"  في هذا النوع لا يوجد معلم أي أن الدخل معروف لكن الخرج غير معروف، والهدف ليس التصنيف إنما البحث في الداتا عن االنماط المشتركة لتجميع المشتركين مع بعضهم البعض",2
56,ما هي الداتاست dataset,"نحصل على الداتا من البيانات الاحصائية، حيث تقسم الـ Dataset( مجموعة البيانات) إلى ثالثة أقسام: ? data Training: وهو الجزء الذي تُدرّب عليه المنظومة (الشبكة العصبونية أو أي نظام ذكاء صنعي).
? data Validation: للتأكد من صحة المعلومات.? Testing data  للاختبار ",4
57,ما هي الداتاست dataset,تقسم الـ Dataset( مجموعة البيانات) إلى ثالثة أقسام:  data Training: وهو الجزء الذي تُدرّب عليه المنظومة (الشبكة العصبونية أو أي نظام ذكاء صنعي). data Validation: للتأكد من صحة المعلومات. Testing data  للاختبار,2
58,ما هي الداتاست dataset,يتم التعلم بوجود معلم حيث قيم الخرج فيه متقطعة,0
59,ما اقسام الداتاست,تقسم الـ Dataset( مجموعة البيانات) إلى ثالثة أقسام:  data Training: وهو الجزء الذي تُدرّب عليه المنظومة (الشبكة العصبونية أو أي نظام ذكاء صنعي). data Validation: للتأكد من صحة المعلومات. Testing data  للاختبار,4
60,ما اقسام الداتاست,"نحصل على الداتا من البيانات الاحصائية، حيث تقسم الـ Dataset( مجموعة البيانات) إلى ثالثة أقسام:  data Training: وهو الجزء الذي تُدرّب عليه المنظومة (الشبكة العصبونية أو أي نظام ذكاء صنعي).
 data Validation: للتأكد من صحة المعلومات. Testing data  للاختبار ",4
61,ما هو النمط Pattern,"إن معظم عملنا بال  Machin learning يتركز على السمات وإيجاد أنماط وهذه وظيفة الشبكة العصبونية، حيث تقوم بالتنبؤ بأنماط أو محاولة إيجاد نمط يناسب متطلبات المشكلة التي نحاول حلها، حيث نحاول إيجاد أنماط في ال Dataوهذا ما يسمى بال Data mining وهي تقوم بالبحث في كم هائل جداً من المعلومات إليجاد نمط يصف هذه  المعلومات وبالتالي القدرة على استخراج المفيد منها.",4
62,ما هو النمط Pattern,"وهو مصطلح يعني التعرف على الانماط أو تمييز النماذج، وبشكل أكثر دقة هو إعادة التعرف على األنماط ذلك لان  النمط يكون معروف وهدفنا إعادة التعرف عليه بمكان آخر لم يتم التعرف عليه من قبل",3
63,ما هو النمط Pattern,"وهو عبارة عن غرض ما يتم اختصاره بمجموعة سمات تميّ زه عن غيره وتصف حالة ما أو شيء ما، مثال: نستطيع بشكل عام أن نصف الطالب الناجح بالجامعة بمجموعة صفات تميزه عن طالب من المتوقع أن  يرسب، مثل أن يدرس الطالب محاضراته و يلتزم بحضورها ويحضّر المتحاناته فإننا نتوقع بأن هذا الطالب سينجح في النهاية، وبالتالي سنسمي هذه الصفات بنمط الطالب الناجح واذا درسنا صفات الطالب بهذا النمط ستكون لدينا القدرة على التوقع وليس التأكيد فيما إذا كان هذا الطالب ناجح أو لا.",3
64,ما هو  Pattern Recognition,"وكلما كانت الصفات الواصفة للنمط قابلة للقياس بدقة كانت دقة التوقع أكبر،فلو استخدمنا صفات قابلة للقياس مثل الوزن والطول واللون و... الخ فإن النتيجة ستكون دقيقة كونها مستندة  لصفات دقيقة",4
65,ما هو  Pattern Recognition,"وهو عبارة عن غرض ما يتم اختصاره بمجموعة سمات تميّ زه عن غيره وتصف حالة ما أو شيء ما، مثال: نستطيع بشكل عام أن نصف الطالب الناجح بالجامعة بمجموعة صفات تميزه عن طالب من المتوقع أن  يرسب، مثل أن يدرس الطالب محاضراته و يلتزم بحضورها ويحضّر المتحاناته فإننا نتوقع بأن هذا الطالب سينجح في النهاية، وبالتالي سنسمي هذه الصفات بنمط الطالب الناجح واذا درسنا صفات الطالب بهذا النمط ستكون لدينا القدرة على التوقع وليس التأكيد فيما إذا كان هذا الطالب ناجح أو لا.
وكلما كانت الصفات الواصفة للنمط قابلة للقياس بدقة كانت دقة التوقع أكبر،فلو استخدمنا صفات قابلة للقياس مثل الوزن والطول واللون و... الخ فإن النتيجة ستكون دقيقة كونها مستندة  لصفات دقيقة",1
66,ما هو النمط Pattern,"وهو عبارة عن غرض ما يتم اختصاره بمجموعة سمات تميّ زه عن غيره وتصف حالة ما أو شيء ما، مثال: نستطيع بشكل عام أن نصف الطالب الناجح بالجامعة بمجموعة صفات تميزه عن طالب من المتوقع أن  يرسب، مثل أن يدرس الطالب محاضراته و يلتزم بحضورها ويحضّر المتحاناته فإننا نتوقع بأن هذا الطالب سينجح في النهاية، وبالتالي سنسمي هذه الصفات بنمط الطالب الناجح واذا درسنا صفات الطالب بهذا النمط ستكون لدينا القدرة على التوقع وليس التأكيد فيما إذا كان هذا الطالب ناجح أو لا.
وكلما كانت الصفات الواصفة للنمط قابلة للقياس بدقة كانت دقة التوقع أكبر،فلو استخدمنا صفات قابلة للقياس مثل الوزن والطول واللون و... الخ فإن النتيجة ستكون دقيقة كونها مستندة  لصفات دقيقة",2
67,ما هي مجالات التعلم الالي,"1. Supervised learning التعلم الخاضع للاشراف
2. Unsupervised learningالتعلم الغير خاضع للاشراف 
3. Reinforcement Learningتعلم المعزز",0
68,ما هي مجالات التعلم الالي,"التعرف على األصوات بمختلف أشكالها ومجاالتها، التعرف على الكالم المكتوب بخط اليد, علم التعرف على الصور وإيجاد المعلومات واستخراجها من الصور، التعرف على الخصائص الحيوية كالبصمة أو القزحية أو الصوت, التعرف على البصمات عن طريق شكلها ونمطها, التعرف على األورام والتفاصيل الظاهرة بالصور الطبية .",3
69,ما هي مجالات التعلم الالي,التنبؤ بسعر منزل وفقاً لمساحته وسعره.,3
70,ما هي مجالات التعلم الالي,تصنيف اإليميل إلى spam و normal,3
71,ما هو الفرق بين Pattern recognition و Machine Learning,"التعلم الالي هو  بناء الخوارزميات لحل مشكلة التعرف على الانماط، فهو يقوم بتحليل المعلومات الموجودة ومحاولة ايجاد حل للمشكلة وايجاد طريق للتعرف على النمط عن طريق التعلم واستكشافالمعلومات الجديدة. تدريب االالة لجعلها قادرة على التعرف على  االنماط واسقاطها على مشاكل معينة
اما تمييز الانماط يستخدم خوارزميات ال  Machine Learning لحل المشكلات المصممة لها و لكن يكون الحل المقدم له تحليلي رياضي و ليس بحاجة للتعلم و انما جاهز لالستخدام مباشرة دون تعلم.بالاضافة الى انه ليس بحاجة للتعلم و انما يستخدم للتعرف على النمط مباشرة .",4
72,ما هو الفرق بين Pattern recognition و Machine Learning,"يتميز التعلم الالي عن تمييز الانماط بكونه يستطيع التعامل مع المعلومات الجديدة و التكيف معها و تحسين أدائه بناءً على المدخلات الجديدة و استنتاجاً من تجاربه السابقة
وبالتالي نستنتج بأن تمييز األنماط يستخدم خوارزميات التعلم االالي في عمله ولكن من دون التعلم من الانماط التي درسها",3
73,ماذا يتميز التعلم االالي عن تمييز الالنماط,"التعلم الالي هو  بناء الخوارزميات لحل مشكلة التعرف على الانماط، فهو يقوم بتحليل المعلومات الموجودة ومحاولة ايجاد حل للمشكلة وايجاد طريق للتعرف على النمط عن طريق التعلم واستكشافالمعلومات الجديدة. تدريب االالة لجعلها قادرة على التعرف على  االنماط واسقاطها على مشاكل معينة
اما تمييز الانماط يستخدم خوارزميات ال  Machine Learning لحل المشكلات المصممة لها و لكن يكون الحل المقدم له تحليلي رياضي و ليس بحاجة للتعلم و انما جاهز لالستخدام مباشرة دون تعلم.بالاضافة الى انه ليس بحاجة للتعلم و انما يستخدم للتعرف على النمط مباشرة .",2
74,ماذا يتميز التعلم االالي عن تمييز الالنماط,"يتميز التعلم الالي عن تمييز الانماط بكونه يستطيع التعامل مع المعلومات الجديدة و التكيف معها و تحسين أدائه بناءً على المدخلات الجديدة و استنتاجاً من تجاربه السابقة
وبالتالي نستنتج بأن تمييز األنماط يستخدم خوارزميات التعلم االالي في عمله ولكن من دون التعلم من الانماط التي درسها",4
75,ما هو ال deep learning,"وهو علم مشتق من التعلم الالي ويستخدم عند وجود Data كبيرة جدا،ً ومفهوم الlearning Deep هو إنشاء شبكات عصبونية بعدد كبير من الطبقات وهذا سبب تسميتها بال Deep",4
76,ما هو ال deep learning,"هي محاكاة آلية نقل السيالة العصبية إلى الدماغ أي هي محاكاة للدماغ المتحكم بجسم الانسان، فهي تساعد على اتخاذ قرار، حل مشكلات، القيام بعمليات تصنيف وتنبؤ وتعرُّف... إذاً بنية الشبكة العصبية عندما تحاكي  الدماغ بعملها فهي تحاكي وظائفه.
- الشبكات العصبونية تقنية تستخدم لتحقيق أهداف machine learning.
- هناك شبكات عصبونية بطبقة واحدة أي: دخل – معالجة – خرج، وهناك شبكات عصبونية بطبقات متعددة أي: طبقة دخل – عدّة طبقات داخلية للمعالجة – طبقة خرج (وممكن أن يكون الخرج وحيد أو متعدد).
- إذا كان هناك عدّة طبقات داخلية وأصبح هناك عمق للشبكة سُميَت بالشبكات العميقة ونتج عنها ما يسمى deep learning",3
77,ما هو ال deep learning,"المرحلة االاولى: تطوير نماذج إحصائية ننطلق منها لاتخاذ قرار. المرحلة الثانية: بناء خوارزميات عن طريق جعل الكومبيوتر ينفذ مهام دون تعليمات خارجية، فهي تقوم على مبدأ أخذ الدخل والخرج وإعطاء البرنامج على عكس البرمجة التقليدية.",2
78,لماذا نلجأ لل learning Deep,وذلك لان الشبكة العصبونية بطبقات قليلة لم تكن قادرة على معالجة البيانات واستخراج المعلومات اللازمة والمرغوب بها,4
79,لماذا نلجأ لل learning Deep,"وهو علم مشتق من التعلم الالي ويستخدم عند وجود Data كبيرة جدا،ً ومفهوم الlearning Deep هو إنشاء شبكات عصبونية بعدد كبير من الطبقات وهذا سبب تسميتها بال Deep",3
80,ما الفرق بين الشبكات العصبونية العادية والشبكات العصبونية العميقة,"الشبكات العصبونية العميقة تحتاج كميات كبيرة من الData لتدريبه,  تقدم دقة عالية, تحتاج وقت كبير للتدريب,  تحتاج لل GPU للتدريب بسبب الحجم  الهائل, محاولة معالجة المشكلة بطرق متعددة
شبكات العصبونية العادية او التعلم الالي يمكن تدريبها ب Data قليلة, تقدم دقة جيدة, ال تحتاج الى وقت كبير للتدريب, يمكن أن يتم التدريب على المعالج, عدد محدود من االمكانيات على معالجة المشكلة",4
81,ما الفرق بين الشبكات العصبونية العادية والشبكات العصبونية العميقة,"Machine Learning : تقسيم الصفات ومحاولة معالجتها والقدرة على التعلم والقدرة على حفظ هذه األنماط.
 Deep Learning : تقسيم الصفات لعدد أكبر من التعلم الالي والقدرة على التعلم وحفظ هذه اأنماط.",3
82,مقارنة بين Pattern Recognition & Machine Learning & Deep Learning," Recognition Pattern: محاولة تمييز األنماط من دون تعلم. 
Learning Machine: تقسيم الصفات ومحاولة معالجتها والقدرة على التعلم والقدرة على حفظ هذه األنماط.
 Learning Deep: تقسيم الصفات لعدد أكبر من التعلم الالي والقدرة على التعلم وحفظ هذه اأنماط.",4
83,مقارنة بين Pattern Recognition & Machine Learning & Deep Learning,"Learning Machine: تقسيم الصفات ومحاولة معالجتها والقدرة على التعلم والقدرة على حفظ هذه األنماط.
 Learning Deep: تقسيم الصفات لعدد أكبر من التعلم الالي والقدرة على التعلم وحفظ هذه اأنماط.",2
84,ما هو ال features,"السمات وهي أي شي قابل للقياس مثل الوزن والطول.. والخ، ويمكن جمعهم بما يسمى "" شعاع السمات """,4
85,ما هو ال features,استخراج السمات يعني انتقاء السمات المناسبة من أجل بناء نتائج أقرب ما يمكن للصحة وهو عامل مهم في تحديد  نتائج الالة,2
86,ما هو ال features,"إن معظم عملنا بال  Machin learning يتركز على السمات وإيجاد أنماط وهذه وظيفة الشبكة العصبونية، حيث تقوم بالتنبؤ بأنماط أو محاولة إيجاد نمط يناسب متطلبات المشكلة التي نحاول حلها، حيث نحاول إيجاد أنماط في ال Dataوهذا ما يسمى بال Data mining وهي تقوم بالبحث في كم هائل جداً من المعلومات إليجاد نمط يصف هذه  المعلومات وبالتالي القدرة على استخراج المفيد منها.",0
87,ما ال feature space,يتم فيه تمثيل شعاع السمات ويكون بعده حسب عدد السمات.,4
88,ما ال feature space,"محاكاة الدماغ هي البحث عن بنية شبيهة ببنية الدماغ أي نأخذ الاية التي يتعلم بها الانسان ونطبقها على الالة، أن نفكر كيف يعالج الانسان المعلومات ويتطور مع الايام، كيف يتعلم الدماغ وكيف تتخزن المعرفة وكيف يتحسن الاداء بالتدريب، أن نفهم بنية الدماغ.",0
89,ما هو ال Feature Extraction,"استخراج السمات يعني انتقاء السمات المناسبة من أجل بناء نتائج أقرب ما يمكن للصحة وهو عامل مهم في تحديد  نتائج الالة، مثال: إذا أردنا اختبار صحة مريض فلا يهمنا لون سيارته أو أسمه أو رقم هاتفه وإنما نبحث عن السمات التي  ستفيدنا في مشكلتنا مثل العمر وفيما إذا كان مدخن أو يعاني من مرض وراثي.  ويمكن اعتبار الصفات المختارة جيدة إذا انتجت لدي نتائج قابلة للفصل نوعاً ما.",4
90,ما هو ال Feature Extraction,"السمات وهي أي شي قابل للقياس مثل الوزن والطول.. والخ، ويمكن جمعهم بما يسمى "" شعاع السمات """,2
91,اريد مثالا معروف لمسألة تصنيف (Classification),"مشكلة تحديد سمك السلمون عن سمك السيباس عن طريق صورة السمكة.
لدينا المعلومات الاتية:  وهو أن سمك السلمون أغلى من سمك السيباس بكثير وبالتالي فإن الاخطاء التي تحدث تسبب خسارة مالية لصاحب المصنع، في حال عدم القدرة على تحديد نوع السمكة على الجهاز أن يحدد السمكة على أنها سمكة سلمون وذلك  لتحقيق مصلحة المستهلك",3
92,اريد مثالا معروف لمسألة تصنيف (Classification),إن اختيار سمات منفصلة وغير متداخلة تحسن من عملية التصنيف.,0
93,اريد مثالا معروف لمسألة تصنيف (Classification),تصنيف اإليميل إلى spam و normal,4
94,ما الفرق بين ال overfitting و underfitting,"عند استخدام سمات معقدة وكثيرة لانشاء التنصيف فإنه قد ينتج لدينا رسم بياني مفرط التعقيد وعند ازدياد كمية المعلومات سيصبح من الصعب عليه فرزهم بشكل صحيح وهذا ما يسمى بال.Overfitting
وعلى عكس الOverfitting، فإنها عند استخدام سمات غير مهمة أو ال تحقق المطلوب سينتج لدينا خط بياني غير قادر على التنصيف بشكل جيد ويؤدي إلى التداخل وهذا ما يسمى Underfitting.",4
95,ما الفرق بين ال overfitting و underfitting,إن اختيار سمات منفصلة وغير متداخلة تحسن من عملية التصنيف.,0
96,ما هو ال overfitting,عند استخدام سمات معقدة وكثيرة لانشاء التنصيف فإنه قد ينتج لدينا رسم بياني مفرط التعقيد وعند ازدياد كمية المعلومات سيصبح من الصعب عليه فرزهم بشكل صحيح,4
97,ما هو ال overfitting,عند استخدام سمات غير مهمة أو ال تحقق المطلوب سينتج لدينا خط بياني غير قادر على التنصيف بشكل جيد ويؤدي إلى التداخل,0
98,ما هو ال  underfitting,عند استخدام سمات معقدة وكثيرة لانشاء التنصيف فإنه قد ينتج لدينا رسم بياني مفرط التعقيد وعند ازدياد كمية المعلومات سيصبح من الصعب عليه فرزهم بشكل صحيح,0
99,ما هو ال  underfitting,عند استخدام سمات غير مهمة أو ال تحقق المطلوب سينتج لدينا خط بياني غير قادر على التنصيف بشكل جيد ويؤدي إلى التداخل,4
100,ما هو ال  underfitting,"يتم التعلم بوجود معلم حيث قيم الخرج فيه مستمرة، يفيد في التنبؤ",0
